date,pc,os,cpu_cores,gpu,graphics_backend,browser,browser_version,build,resolution,model_id,model_name,model_version,duration_s,frames,avg_fps,median_fps,low_1_fps,low_01_fps,frame_avg_ms,frame_min_ms,frame_p50_ms,frame_p95_ms,frame_p99_ms,frame_max_ms,frame_stddev_ms,mesh_instances,unique_meshes,vertices,triangles,materials,textures,texture_mib,entities
2026-09-29 16:08:59,unknown,Linux x86_64,28,"Intel(R) HD Graphics, or similar",Gl,Firefox,155.0,release,2088x1550,12,Barling Wrecks,1,60.0,3575,59.6,58.8,29.5,20.5,16.79,4.00,17.00,30.00,31.00,60.00,9.36,12,12,652437,776478,1,1,256.00,451
2026-09-29 16:27:50,unknown,Linux x86_64,28,"Intel(R) HD Graphics, or similar",Gl,Firefox,155.0,release,2088x1550,12,Barling Wrecks,1,60.0,3918,65.3,66.7,32.4,20.7,15.32,5.00,15.00,26.00,27.00,61.00,7.86,12,12,652437,776478,1,1,256.00,451
2026-09-29 16:34:03,unknown,Linux x86_64,28,"Intel(R) HD Graphics, or similar",Gl,Firefox,155.0,release,2088x1550,12,Barling Wrecks,1,60.0,3926,65.4,66.7,34.3,23.7,15.28,4.00,15.00,25.00,27.00,58.00,6.30,12,12,652437,776478,1,1,256.00,451
2026-09-29 16:39:20,unknown,Linux x86_64,28,"Intel(R) HD Graphics, or similar",Gl,Firefox,155.0,release,2088x1550,12,Barling Wrecks,1,60.0,3914,65.2,66.7,29.8,19.6,15.33,4.00,15.00,27.00,29.00,66.00,9.42,12,12,652437,776478,1,1,256.00,451
2026-09-30 09:35:41,unknown,Linux x86_64,28,"Intel(R) HD Graphics, or similar",Gl,Firefox,155.0,release,2088x1550,12,Barling Wrecks,1,60.0,2658,44.3,45.5,16.9,13.2,22.58,5.00,22.00,42.00,52.00,81.00,13.47,12,12,652437,776478,1,1,256.00,451
2026-09-30 09:37:49,unknown,Linux x86_64,28,"Intel(R) HD Graphics, or similar",Gl,Firefox,155.0,release,2088x1550,12,Barling Wrecks,1,60.0,2686,44.8,45.5,19.8,15.8,22.34,5.00,22.00,40.00,44.00,70.00,12.28,13,13,652461,776490,2,1,256.00,453
" 2026-09-30 09:41:00",unknown,Linux x86_64,28,"Intel(R) HD Graphics, or similar",Gl,Firefox,155.0,release,2088x1550,12,Barling Wrecks,1,60.0,2582,43.0,47.6,21.9,19.0,23.24,5.00,21.00,43.00,44.00,64.00,16.63,12,12,652437,776478,1,1,256.00,451
2026-09-30 09:48:28,unknown,Linux x86_64,28,"Intel(R) HD Graphics, or similar",Gl,Firefox,155.0,release,2088x1550,12,Barling Wrecks,1,60.0,3078,51.3,41.7,25.6,22.2,19.50,4.00,24.00,37.00,38.00,52.00,13.94,12,12,652437,776478,1,1,256.00,451
2026-09-30 10:10:54,unknown,Linux x86_64,28,"Intel(R) HD Graphics, or similar",Gl,Firefox,157.0,release,2092x1549,12,Barling Wrecks,1,60.0,3257,54.3,55.6,21.5,15.7,18.42,4.00,18.00,32.00,40.00,70.00,11.77,12,12,652437,776478,1,1,256.00,451
2026-09-30 10:16:41,unknown,Linux x86_64,28,"Intel(R) HD Graphics, or similar",Gl,Firefox,157.0,release,2092x1549,13,King's hall,1,60.0,3831,63.8,62.5,38.7,33.1,15.66,5.00,16.00,23.00,24.00,33.00,4.66,15,15,980382,999995,1,1,256.00,458
2026-09-30 10:18:03,unknown,Linux x86_64,28,"Intel(R) HD Graphics, or similar",Gl,Firefox,157.0,release,2092x1549,13,King's hall,1,60.0,3786,63.1,62.5,38.0,35.1,15.85,6.00,16.00,22.00,25.00,29.00,4.30,15,15,980382,999995,1,1,256.00,458
2026-09-30 10:19:14,unknown,Linux x86_64,28,"Intel(R) HD Graphics, or similar",Gl,Firefox,157.0,release,2092x1549,13,King's hall,1,60.0,3786,63.1,62.5,33.4,30.3,15.85,5.00,16.00,23.00,28.00,35.00,4.72,15,15,980382,999995,1,1,256.00,458
2026-09-30 10:20:15,unknown,Linux x86_64,28,"Intel(R) HD Graphics, or similar",Gl,Firefox,157.0,release,2092x1549,13,King's hall,1,60.0,3773,62.9,66.7,34.5,28.6,15.91,6.00,15.00,23.00,27.00,38.00,4.05,15,15,980382,999995,1,1,256.00,458
2026-09-30 10:21:22,unknown,Linux x86_64,28,"Intel(R) HD Graphics, or similar",Gl,Firefox,157.0,release,2092x1549,13,King's hall,1,60.0,3908,65.1,58.8,32.3,29.2,15.36,5.00,17.00,24.00,30.00,35.00,6.90,15,15,980382,999995,1,1,256.00,458
2026-09-30 10:25:46,unknown,Linux x86_64,28,"Intel(R) HD Graphics, or similar",Gl,Firefox,157.0,release,2092x1549,14,Cathedral,1,60.0,2471,41.2,100.0,19.8,17.0,24.28,6.00,10.00,47.00,49.00,74.00,16.70,22,22,1406938,1999999,1,1,64.00,475
2026-09-30 10:26:49,unknown,Linux x86_64,28,"Intel(R) HD Graphics, or similar",Gl,Firefox,157.0,release,2092x1549,14,Cathedral,1,60.0,2476,41.2,37.0,20.0,18.1,24.24,6.00,27.00,47.00,48.00,62.00,16.49,22,22,1406938,1999999,1,1,64.00,475
2026-09-30 10:27:49,unknown,Linux x86_64,28,"Intel(R) HD Graphics, or similar",Gl,Firefox,157.0,release,2092x1549,14,Cathedral,1,60.0,2474,41.2,45.5,20.1,18.5,24.27,6.00,22.00,47.00,49.00,59.00,16.56,22,22,1406938,1999999,1,1,64.00,475
2026-09-30 10:29:05,unknown,Linux x86_64,28,"Intel(R) HD Graphics, or similar",Gl,Firefox,157.0,release,2092x1549,14,Cathedral,1,60.0,2474,41.2,41.7,19.6,15.8,24.26,6.00,24.00,47.00,49.00,87.00,16.59,22,22,1406938,1999999,1,1,64.00,475
2026-09-30 10:30:26,unknown,Linux x86_64,28,"Intel(R) HD Graphics, or similar",Gl,Firefox,157.0,release,2092x1549,14,Cathedral,1,60.0,2441,40.7,40.0,30.5,26.5,24.59,15.00,25.00,30.00,31.00,40.00,3.27,22,22,1406938,1999999,1,1,64.00,475
" 2026-09-30 10:50:03",unknown,Linux x86_64,28,"Intel(R) HD Graphics, or similar",Gl,Firefox,157.0,release,2092x1549,15,Hong Kong City Buiildings,1,60.0,2873,47.9,47.6,34.8,30.3,20.89,18.00,21.00,24.00,27.00,36.00,1.72,488,488,569375,368217,68,48,231.50,1658
2026-09-30 10:51:03,unknown,Linux x86_64,28,"Intel(R) HD Graphics, or similar",Gl,Firefox,157.0,release,2092x1549,15,Hong Kong City Buiildings,1,60.0,2758,46.0,47.6,32.5,28.6,21.76,17.00,21.00,26.00,29.00,35.00,2.37,488,488,569375,368217,68,48,231.50,1658
2026-09-30 10:53:03,unknown,Linux x86_64,28,"Intel(R) HD Graphics, or similar",Gl,Firefox,157.0,release,2092x1549,15,Hong Kong City Buiildings,1,60.0,2978,49.6,50.0,38.4,35.7,20.15,17.00,20.00,22.00,25.00,28.00,1.35,488,488,569375,368217,68,48,231.50,1658
2026-09-30 10:54:03,unknown,Linux x86_64,28,"Intel(R) HD Graphics, or similar",Gl,Firefox,157.0,release,2092x1549,15,Hong Kong City Buiildings,1,60.0,2980,49.7,50.0,36.5,24.2,20.13,17.00,20.00,22.00,24.00,49.00,1.45,488,488,569375,368217,68,48,231.50,1658
2026-09-30 11:10:46,unknown,Linux x86_64,28,"Intel(R) HD Graphics, or similar",Gl,Firefox,157.0,release,2092x1549,16,Acrisure Stadium,1,60.0,1723,28.7,40.0,13.4,11.4,34.83,7.00,25.00,65.00,70.00,94.00,26.28,25,25,1578374,1999999,1,1,256.00,483
2026-09-30 11:20:26,unknown,Linux x86_64,28,"Intel(R) HD Graphics, or similar",Gl,Firefox,157.0,release,2092x1549,16,Acrisure Stadium,1,60.0,1720,28.7,23.8,13.3,10.6,34.89,7.00,42.00,62.00,66.00,99.00,25.10,25,25,1578374,1999999,1,1,256.00,483
2026-09-30 11:19:26,unknown,Linux x86_64,28,"Intel(R) HD Graphics, or similar",Gl,Firefox,157.0,release,2092x1549,16,Acrisure Stadium,1,60.0,1713,28.5,27.8,16.0,14.5,35.05,11.00,36.00,58.00,61.00,71.00,15.66,25,25,1578374,1999999,1,1,256.00,483
2026-09-30 11:18:26,unknown,Linux x86_64,28,"Intel(R) HD Graphics, or similar",Gl,Firefox,157.0,release,2092x1549,16,Acrisure Stadium,1,60.0,1719,28.6,29.4,13.6,11.0,34.92,7.00,34.00,64.00,67.00,102.00,21.78,25,25,1578374,1999999,1,1,256.00,483
2026-09-30 11:17:26,unknown,Linux x86_64,28,"Intel(R) HD Graphics, or similar",Gl,Firefox,157.0,release,2092x1549,16,Acrisure Stadium,1,60.0,1714,28.5,21.3,13.3,11.8,35.03,7.00,47.00,64.00,70.00,85.00,26.44,25,25,1578374,1999999,1,1,256.00,483
2026-09-30 11:27:26,unknown,Linux x86_64,28,"Intel(R) HD Graphics, or similar",Gl,Firefox,157.0,release,2092x1549,17,Cei Mep Port,1,60.0,2120,35.3,35.7,8.4,3.5,28.31,16.00,28.00,36.00,43.00,593.00,15.24,56,56,3598511,3500543,3,3,768.00,546
2026-09-30 11:26:26,unknown,Linux x86_64,28,"Intel(R) HD Graphics, or similar",Gl,Firefox,157.0,release,2092x1549,17,Cei Mep Port,1,60.0,2163,36.0,35.7,17.5,6.2,27.75,16.00,28.00,37.00,40.00,389.00,9.49,56,56,3598511,3500543,3,3,768.00,546
2026-09-30 11:25:26,unknown,Linux x86_64,28,"Intel(R) HD Graphics, or similar",Gl,Firefox,157.0,release,2092x1549,17,Cei Mep Port,1,60.0,2119,35.3,35.7,12.4,3.3,28.32,17.00,28.00,38.00,40.00,479.00,13.53,56,56,3598511,3500543,3,3,768.00,546
2026-09-30 11:24:26,unknown,Linux x86_64,28,"Intel(R) HD Graphics, or similar",Gl,Firefox,157.0,release,2092x1549,17,Cei Mep Port,1,60.0,2117,35.3,34.5,24.1,22.7,28.36,17.00,29.00,38.00,40.00,45.00,5.71,56,56,3598511,3500543,3,3,768.00,546
2026-09-30 11:23:26,unknown,Linux x86_64,28,"Intel(R) HD Graphics, or similar",Gl,Firefox,157.0,release,2092x1549,17,Cei Mep Port,1,60.0,2086,34.8,34.5,23.8,23.1,28.77,17.00,29.00,38.00,41.00,44.00,6.21,56,56,3598511,3500543,3,3,768.00,546
2026-09-30 12:25:02,unknown,Linux x86_64,28,"Intel(R) HD Graphics, or similar",Gl,Firefox,157.0,release,2092x1549,18,Administrative and Warehouse Comples,1,60.0,2062,34.4,34.5,26.2,25.4,29.10,22.00,29.00,35.00,37.00,40.00,3.82,114,114,6978312,6147933,1,0,0.00,676
2026-09-30 12:24:02,unknown,Linux x86_64,28,"Intel(R) HD Graphics, or similar",Gl,Firefox,157.0,release,2092x1549,18,Administrative and Warehouse Comples,1,60.0,2064,34.4,34.5,26.8,26.1,29.07,22.00,29.00,34.00,36.00,39.00,3.43,114,114,6978312,6147933,1,0,0.00,676
2026-09-30 12:23:02,unknown,Linux x86_64,28,"Intel(R) HD Graphics, or similar",Gl,Firefox,157.0,release,2092x1549,18,Administrative and Warehouse Comples,1,60.0,2062,34.4,34.5,25.8,22.7,29.11,22.00,29.00,35.00,37.00,46.00,3.75,114,114,6978312,6147933,1,0,0.00,676
2026-09-30 12:22:02,unknown,Linux x86_64,28,"Intel(R) HD Graphics, or similar",Gl,Firefox,157.0,release,2092x1549,18,Administrative and Warehouse Comples,1,60.0,2067,34.4,34.5,25.4,23.3,29.03,22.00,29.00,35.00,38.00,45.00,3.81,114,114,6978312,6147933,1,0,0.00,676
2026-09-30 12:21:02,unknown,Linux x86_64,28,"Intel(R) HD Graphics, or similar",Gl,Firefox,157.0,release,2092x1549,18,Administrative and Warehouse Comples,1,60.0,1985,33.1,34.5,17.6,16.9,30.23,22.00,29.00,39.00,56.00,59.00,5.87,114,114,6978312,6147933,1,0,0.00,676