run_id,date,host,os,kernel,cpu_model,turbo,governor,docker_version,server_image,seed,rep,config,framework,cores,cpuset,profile,rtt_ms,jitter_ms,loss_pct,measured_rtt_ms,netem_drops_client,netem_drops_server,tcp_retrans,client_saturated,goose_cpu_avg_cores,cpu_temp_max_c,cpu_freq_avg_mhz,endpoint,users,duration_s,requests,rps,mb_per_s,err_pct,status_other,status_5xx,transport_errors,timeouts,lat_mean,lat_p50,lat_p90,lat_p95,lat_p99,lat_p999,lat_max,cpu_idle_cores,cpu_avg_cores,cpu_p95_cores,cpu_util_pct,cpu_s_per_1k_req,mem_idle_mib,mem_avg_mib,mem_p95_mib,mem_max_mib,mem_peak_mib,mem_after_mib,mem_anon_peak_mib
1791474122692_r1_axum-4c_delay_P3,2026-10-08 17:42:57,omih-83df,Ubuntu 26.04.1 LTS,7.0.0-34-generic,Intel(R) Core(TM) i7-14700HX,off,performance,29.8.1,573e5c42cefa,1791474122692,1,axum-4c,axum,4,"2,4,6,12",P3,60.0,15.0,0.10,61.704,88,84,172,false,0.380,58.0,1423,delay,256,20.0,62713,3135.65,0.01,0.0000,0,0,0,0,81.631,81.151,100.608,105.728,116.992,359.423,403.890,0.0000,0.122,0.131,3.1,0.0389,1.38,11.60,12.31,13.01,13.02,7.71,9.00
1791474122692_r1_axum-4c_file_P0,2026-10-08 17:43:51,omih-83df,Ubuntu 26.04.1 LTS,7.0.0-34-generic,Intel(R) Core(TM) i7-14700HX,off,performance,29.8.1,573e5c42cefa,1791474122692,1,axum-4c,axum,4,"2,4,6,12",P0,0.0,0.0,0.00,0.081,0,0,0,false,3.649,58.0,2097,file,256,20.0,20610,1030.50,3813.20,0.0000,0,0,0,0,248.706,246.272,351.231,390.144,467.967,571.391,645.083,0.0000,3.645,3.707,91.1,3.5370,1.20,93.74,99.56,101.57,104.93,71.24,91.43
1791474122692_r1_axum-4c_json-large_P0,2026-10-08 17:44:45,omih-83df,Ubuntu 26.04.1 LTS,7.0.0-34-generic,Intel(R) Core(TM) i7-14700HX,off,performance,29.8.1,573e5c42cefa,1791474122692,1,axum-4c,axum,4,"2,4,6,12",P0,0.0,0.0,0.00,0.078,0,0,0,false,1.860,58.0,2093,json-large,256,20.0,97097,4854.85,2084.88,0.0000,0,0,0,0,52.744,51.840,83.200,91.903,109.311,133.631,188.932,0.0000,4.000,4.000,100.0,0.8238,1.19,23.15,24.10,24.86,26.58,18.48,18.79
1791474122692_r1_axum-4c_delay_P0,2026-10-08 17:45:39,omih-83df,Ubuntu 26.04.1 LTS,7.0.0-34-generic,Intel(R) Core(TM) i7-14700HX,off,performance,29.8.1,573e5c42cefa,1791474122692,1,axum-4c,axum,4,"2,4,6,12",P0,0.0,0.0,0.00,0.075,0,0,0,false,1.567,58.0,1532,delay,256,20.0,236284,11814.20,0.02,0.0000,0,0,0,0,21.654,21.567,22.335,22.463,22.848,23.360,24.888,0.0000,0.320,0.333,8.0,0.0271,1.23,9.79,10.50,12.01,12.68,7.79,7.65
1791474122692_r1_axum-4c_json-large_P5,2026-10-08 17:46:42,omih-83df,Ubuntu 26.04.1 LTS,7.0.0-34-generic,Intel(R) Core(TM) i7-14700HX,off,performance,29.8.1,573e5c42cefa,1791474122692,1,axum-4c,axum,4,"2,4,6,12",P5,120.0,40.0,2.00,130.766,6182,6483,55,false,0.142,58.0,1409,json-large,256,20.0,1120,56.00,24.05,0.0000,0,0,0,0,4525.743,4308.992,6537.216,7290.880,8814.592,9863.167,10210.669,0.0000,0.064,0.093,1.6,1.1498,1.17,147.89,178.08,179.47,180.26,56.45,132.61
1791474122692_r1_axum-4c_json_P5,2026-10-08 17:47:37,omih-83df,Ubuntu 26.04.1 LTS,7.0.0-34-generic,Intel(R) Core(TM) i7-14700HX,off,performance,29.8.1,573e5c42cefa,1791474122692,1,axum-4c,axum,4,"2,4,6,12",P5,120.0,40.0,2.00,112.571,1131,1158,2033,false,0.239,58.0,1387,json,256,20.0,38147,1907.35,0.05,0.0000,0,0,0,0,134.230,122.624,181.760,210.431,482.303,735.231,1537.726,0.0000,0.054,0.064,1.3,0.0282,1.34,12.57,13.46,13.92,14.08,8.59,9.50
1791474122692_r1_axum-4c_json_P3,2026-10-08 17:48:31,omih-83df,Ubuntu 26.04.1 LTS,7.0.0-34-generic,Intel(R) Core(TM) i7-14700HX,off,performance,29.8.1,573e5c42cefa,1791474122692,1,axum-4c,axum,4,"2,4,6,12",P3,60.0,15.0,0.10,59.370,108,107,209,false,0.488,58.0,1415,json,256,20.0,84338,4216.90,0.11,0.0000,0,0,0,0,60.695,60.288,79.615,85.248,95.999,320.512,357.334,0.0000,0.085,0.095,2.1,0.0202,1.24,12.53,13.22,13.39,13.68,7.00,9.23
1791474122692_r1_axum-4c_upload_P0,2026-10-08 17:49:26,omih-83df,Ubuntu 26.04.1 LTS,7.0.0-34-generic,Intel(R) Core(TM) i7-14700HX,off,performance,29.8.1,573e5c42cefa,1791474122692,1,axum-4c,axum,4,"2,4,6,12",P0,0.0,0.0,0.00,0.074,0,0,25963,true,10.774,61.0,2098,upload,256,20.0,133249,6662.45,0.11,0.0000,0,0,0,0,37.881,36.224,52.608,60.544,75.519,87.296,102.201,0.0000,3.997,4.000,99.9,0.5999,1.18,353.28,376.31,404.76,405.89,104.45,239.02
1791474122692_r1_axum-4c_delay_P5,2026-10-08 17:50:21,omih-83df,Ubuntu 26.04.1 LTS,7.0.0-34-generic,Intel(R) Core(TM) i7-14700HX,off,performance,29.8.1,573e5c42cefa,1791474122692,1,axum-4c,axum,4,"2,4,6,12",P5,120.0,40.0,2.00,122.958,968,1006,1762,false,0.214,58.0,1317,delay,256,20.0,32863,1643.15,0.00,0.0000,0,0,0,0,155.866,143.871,203.263,231.935,521.216,808.960,1365.387,0.0000,0.082,0.091,2.1,0.0500,1.18,12.63,13.87,14.23,14.23,9.02,9.22
1791474122692_r1_axum-4c_cpu_P0,2026-10-08 17:51:19,omih-83df,Ubuntu 26.04.1 LTS,7.0.0-34-generic,Intel(R) Core(TM) i7-14700HX,off,performance,29.8.1,573e5c42cefa,1791474122692,1,axum-4c,axum,4,"2,4,6,12",P0,0.0,0.0,0.00,0.076,0,0,128,false,1.592,59.0,1797,cpu,256,20.0,80528,4026.40,0.00,100.0000,0,0,80528,0,59.733,19.008,30.399,38.528,50.047,4022.271,8026.759,0.0000,0.000,0.000,0.0,0.0000,1.19,0.00,0.00,0.00,0.00,0.00,0.00
1791474122692_r1_axum-4c_file_P3,2026-10-08 17:52:21,omih-83df,Ubuntu 26.04.1 LTS,7.0.0-34-generic,Intel(R) Core(TM) i7-14700HX,off,performance,29.8.1,573e5c42cefa,1791474122692,1,axum-4c,axum,4,"2,4,6,12",P3,60.0,15.0,0.10,64.790,1565,1923,6,false,0.416,58.0,1394,file,256,20.0,813,40.65,150.42,0.0000,0,0,0,0,6116.747,6209.535,8683.520,9404.415,10911.744,12025.855,12058.001,0.0000,0.167,0.209,4.2,4.1051,1.33,365.38,378.14,382.82,390.04,66.49,114.25
1791474122692_r1_express-1c_json_P3,2026-10-08 17:53:16,omih-83df,Ubuntu 26.04.1 LTS,7.0.0-34-generic,Intel(R) Core(TM) i7-14700HX,off,performance,29.8.1,e0708be228af,1791474122692,1,express-1c,express,1,2,P3,60.0,15.0,0.10,56.886,123,108,229,false,0.493,58.0,1943,json,256,20.0,84071,4203.55,0.11,0.0000,0,0,0,0,60.885,60.288,79.615,85.248,96.511,324.608,377.173,0.0000,0.190,0.201,19.0,0.0453,20.83,38.51,39.29,39.43,39.50,35.88,33.86
1791474122692_r1_express-1c_json_P0,2026-10-08 17:54:10,omih-83df,Ubuntu 26.04.1 LTS,7.0.0-34-generic,Intel(R) Core(TM) i7-14700HX,off,performance,29.8.1,e0708be228af,1791474122692,1,express-1c,express,1,2,P0,0.0,0.0,0.00,0.076,0,0,0,false,3.660,58.0,2100,json,256,20.0,624020,31201.00,0.80,0.0000,0,0,0,0,8.194,8.079,8.479,8.607,10.079,16.703,35.831,0.0001,1.000,1.000,100.0,0.0320,20.59,53.61,54.20,54.54,55.95,53.78,49.54
1791474122692_r1_express-1c_json-large_P0,2026-10-08 17:55:04,omih-83df,Ubuntu 26.04.1 LTS,7.0.0-34-generic,Intel(R) Core(TM) i7-14700HX,off,performance,29.8.1,e0708be228af,1791474122692,1,express-1c,express,1,2,P0,0.0,0.0,0.00,0.076,0,0,0,false,0.283,58.0,2094,json-large,256,20.0,10260,513.00,218.93,0.0000,0,0,0,0,325.798,154.112,188.928,236.031,9011.200,20643.839,22286.977,0.0000,0.999,1.000,99.9,1.9482,20.18,57.21,74.28,79.42,83.70,63.17,72.93
1791474122692_r1_express-1c_file_P3,2026-10-08 17:56:05,omih-83df,Ubuntu 26.04.1 LTS,7.0.0-34-generic,Intel(R) Core(TM) i7-14700HX,off,performance,29.8.1,e0708be228af,1791474122692,1,express-1c,express,1,2,P3,60.0,15.0,0.10,59.950,1533,1776,3,false,0.324,58.0,2096,file,256,20.0,826,41.30,152.82,0.0000,0,0,0,0,5891.849,6111.231,6275.072,6569.984,7782.400,10559.319,10559.319,0.0000,0.987,0.994,98.7,23.9098,20.36,136.51,141.60,154.52,237.01,115.40,116.22
1791474122692_r1_express-1c_delay_P0,2026-10-08 17:56:59,omih-83df,Ubuntu 26.04.1 LTS,7.0.0-34-generic,Intel(R) Core(TM) i7-14700HX,off,performance,29.8.1,e0708be228af,1791474122692,1,express-1c,express,1,2,P0,0.0,0.0,0.00,0.077,0,0,0,false,1.630,58.0,1797,delay,256,20.0,239707,11985.35,0.02,0.0000,0,0,0,0,21.348,21.311,22.207,22.591,23.616,28.352,40.432,0.0000,0.493,0.514,49.3,0.0412,20.43,61.55,63.47,63.69,63.88,62.24,58.98
1791474122692_r1_express-1c_json-large_P5,2026-10-08 17:58:01,omih-83df,Ubuntu 26.04.1 LTS,7.0.0-34-generic,Intel(R) Core(TM) i7-14700HX,off,performance,29.8.1,e0708be228af,1791474122692,1,express-1c,express,1,2,P5,120.0,40.0,2.00,126.328,6224,6666,50,false,0.141,58.0,1909,json-large,256,20.0,1146,57.30,24.45,0.0000,0,0,0,0,4446.496,4243.456,6471.680,7356.416,8617.984,9732.095,10598.592,0.0000,0.185,0.280,18.5,3.2282,20.38,131.16,135.59,137.17,137.86,77.89,88.20
1791474122692_r1_express-1c_upload_P0,2026-10-08 17:58:55,omih-83df,Ubuntu 26.04.1 LTS,7.0.0-34-generic,Intel(R) Core(TM) i7-14700HX,off,performance,29.8.1,e0708be228af,1791474122692,1,express-1c,express,1,2,P0,0.0,0.0,0.00,0.075,0,0,40396,false,1.128,58.0,2085,upload,256,20.0,21368,1068.40,0.02,0.0000,0,0,0,0,251.199,195.071,231.935,233.983,437.248,16416.768,20198.545,0.0000,0.999,1.000,99.9,0.9352,20.36,463.28,502.41,507.05,512.89,289.85,285.80
1791474122692_r1_express-1c_delay_P3,2026-10-08 17:59:50,omih-83df,Ubuntu 26.04.1 LTS,7.0.0-34-generic,Intel(R) Core(TM) i7-14700HX,off,performance,29.8.1,e0708be228af,1791474122692,1,express-1c,express,1,2,P3,60.0,15.0,0.10,60.262,96,88,182,false,0.390,58.0,1914,delay,256,20.0,63492,3174.60,0.01,0.0000,0,0,0,0,80.641,80.127,99.584,105.216,116.480,357.375,390.602,0.0000,0.160,0.185,16.0,0.0504,20.31,56.13,58.82,59.56,59.73,57.09,53.83
1791474122692_r1_express-1c_plaintext_P0,2026-10-08 18:00:44,omih-83df,Ubuntu 26.04.1 LTS,7.0.0-34-generic,Intel(R) Core(TM) i7-14700HX,off,performance,29.8.1,e0708be228af,1791474122692,1,express-1c,express,1,2,P0,0.0,0.0,0.00,0.078,0,0,0,false,3.771,58.0,2100,plaintext,256,20.0,650247,32512.35,0.40,0.0000,0,0,0,0,7.863,7.728,8.175,8.287,9.120,16.224,34.748,0.0000,1.000,1.004,100.0,0.0308,20.36,54.96,55.65,55.90,55.95,53.76,51.15
1791474122692_r1_express-1c_file_P0,2026-10-08 18:01:38,omih-83df,Ubuntu 26.04.1 LTS,7.0.0-34-generic,Intel(R) Core(TM) i7-14700HX,off,performance,29.8.1,e0708be228af,1791474122692,1,express-1c,express,1,2,P0,0.0,0.0,0.00,0.075,0,0,0,false,0.804,58.0,2098,file,256,20.0,4608,230.40,852.56,0.0000,0,0,0,0,1112.770,1118.207,1150.976,1159.168,1175.552,1183.744,1187.833,0.0001,1.000,1.003,100.0,4.3398,20.29,154.94,168.55,171.38,172.91,143.79,165.86
1791474122692_r1_express-1c_cpu_P0,2026-10-08 18:02:41,omih-83df,Ubuntu 26.04.1 LTS,7.0.0-34-generic,Intel(R) Core(TM) i7-14700HX,off,performance,29.8.1,e0708be228af,1791474122692,1,express-1c,express,1,2,P0,0.0,0.0,0.00,0.076,0,0,0,false,0.012,58.0,2097,cpu,256,20.0,628,31.40,0.00,0.0000,0,0,0,0,7491.738,8142.847,8175.615,8200.385,8200.385,8200.385,8200.385,0.0000,1.000,1.000,100.0,31.8407,20.17,51.67,52.34,52.36,52.36,50.83,48.34
1791474122692_r1_express-1c_json_P5,2026-10-08 18:03:36,omih-83df,Ubuntu 26.04.1 LTS,7.0.0-34-generic,Intel(R) Core(TM) i7-14700HX,off,performance,29.8.1,e0708be228af,1791474122692,1,express-1c,express,1,2,P5,120.0,40.0,2.00,130.404,1133,1101,1986,false,0.237,58.0,1743,json,256,20.0,38383,1919.15,0.05,0.0000,0,0,0,0,133.413,121.600,180.736,209.407,484.351,735.231,2216.132,0.0000,0.109,0.118,10.9,0.0569,20.30,39.10,39.85,40.10,40.35,35.72,33.72
1791474122692_r1_express-1c_delay_P5,2026-10-08 18:04:31,omih-83df,Ubuntu 26.04.1 LTS,7.0.0-34-generic,Intel(R) Core(TM) i7-14700HX,off,performance,29.8.1,e0708be228af,1791474122692,1,express-1c,express,1,2,P5,120.0,40.0,2.00,117.952,1003,1005,1798,false,0.215,58.0,1717,delay,256,20.0,33036,1651.80,0.00,0.0000,0,0,0,0,155.050,141.823,202.239,233.983,513.024,768.000,1327.749,0.0000,0.114,0.163,11.4,0.0691,20.60,42.26,43.15,43.25,50.70,47.49,37.24
1791474122692_r1_express-1c_echo-json_P0,2026-10-08 18:05:25,omih-83df,Ubuntu 26.04.1 LTS,7.0.0-34-generic,Intel(R) Core(TM) i7-14700HX,off,performance,29.8.1,e0708be228af,1791474122692,1,express-1c,express,1,2,P0,0.0,0.0,0.00,0.071,0,0,0,false,1.702,58.0,2100,echo-json,256,20.0,274298,13714.90,24.90,0.0000,0,0,0,0,18.654,18.623,19.264,19.392,21.695,36.736,42.680,0.0000,1.000,1.000,100.0,0.0729,20.38,77.26,85.61,85.75,86.31,82.22,78.55
1791474122692_r1_express-4c_json_P5,2026-10-08 18:06:20,omih-83df,Ubuntu 26.04.1 LTS,7.0.0-34-generic,Intel(R) Core(TM) i7-14700HX,off,performance,29.8.1,e0708be228af,1791474122692,1,express-4c,express,4,"2,4,6,12",P5,120.0,40.0,2.00,123.704,1157,1143,2046,false,0.244,58.0,1503,json,256,20.0,38017,1900.85,0.05,0.0000,0,0,0,0,134.593,123.135,181.760,211.456,482.303,718.847,1378.325,0.0000,0.293,0.421,7.3,0.1540,87.91,142.08,144.56,145.31,145.89,142.23,133.70
1791474122692_r1_express-4c_delay_P0,2026-10-08 18:07:14,omih-83df,Ubuntu 26.04.1 LTS,7.0.0-34-generic,Intel(R) Core(TM) i7-14700HX,off,performance,29.8.1,e0708be228af,1791474122692,1,express-4c,express,4,"2,4,6,12",P0,0.0,0.0,0.00,0.077,0,0,0,false,1.764,58.0,1518,delay,256,20.0,247596,12379.80,0.02,0.0000,0,0,0,0,20.670,20.672,21.311,21.439,21.823,22.591,27.795,0.0000,0.598,0.713,15.0,0.0483,87.67,211.87,227.16,227.71,229.22,227.06,215.10
1791474122692_r1_express-4c_cpu_P0,2026-10-08 18:08:11,omih-83df,Ubuntu 26.04.1 LTS,7.0.0-34-generic,Intel(R) Core(TM) i7-14700HX,off,performance,29.8.1,e0708be228af,1791474122692,1,express-4c,express,4,"2,4,6,12",P0,0.0,0.0,0.00,0.075,0,0,0,false,0.040,59.0,2098,cpu,256,20.0,2324,116.20,0.01,0.0000,0,0,0,0,2188.057,2154.495,2711.552,2711.552,2727.936,2727.936,2732.259,0.0000,4.000,4.001,100.0,34.4200,87.83,424.11,431.47,431.72,431.97,430.43,422.06
1791474122692_r1_express-4c_file_P3,2026-10-08 18:09:12,omih-83df,Ubuntu 26.04.1 LTS,7.0.0-34-generic,Intel(R) Core(TM) i7-14700HX,off,performance,29.8.1,e0708be228af,1791474122692,1,express-4c,express,4,"2,4,6,12",P3,60.0,15.0,0.10,59.832,1658,1935,4,false,0.415,58.0,1439,file,256,20.0,804,40.20,148.75,0.0000,0,0,0,0,6213.158,6275.072,9076.736,9797.631,11173.888,15106.048,15118.101,0.0001,0.312,0.458,7.8,7.7545,87.78,669.33,690.39,694.37,702.05,399.21,389.75
1791474122692_r1_express-4c_json_P3,2026-10-08 18:10:07,omih-83df,Ubuntu 26.04.1 LTS,7.0.0-34-generic,Intel(R) Core(TM) i7-14700HX,off,performance,29.8.1,e0708be228af,1791474122692,1,express-4c,express,4,"2,4,6,12",P3,60.0,15.0,0.10,57.969,129,110,237,false,0.493,58.0,1609,json,256,20.0,84351,4217.55,0.11,0.0000,0,0,0,0,60.696,60.288,79.615,85.248,95.999,324.608,385.693,0.0000,0.366,0.484,9.1,0.0867,88.19,144.48,145.88,146.36,146.91,143.94,136.00
1791474122692_r1_express-4c_delay_P5,2026-10-08 18:11:02,omih-83df,Ubuntu 26.04.1 LTS,7.0.0-34-generic,Intel(R) Core(TM) i7-14700HX,off,performance,29.8.1,e0708be228af,1791474122692,1,express-4c,express,4,"2,4,6,12",P5,120.0,40.0,2.00,115.618,986,985,1746,false,0.215,58.0,1477,delay,256,20.0,33251,1662.55,0.00,0.0000,0,0,0,0,154.158,141.823,201.215,231.935,510.976,800.768,1223.131,0.0000,0.239,0.332,6.0,0.1438,87.32,131.36,137.67,137.95,139.87,135.24,127.11
1791474122692_r1_express-4c_json-large_P0,2026-10-08 18:11:56,omih-83df,Ubuntu 26.04.1 LTS,7.0.0-34-generic,Intel(R) Core(TM) i7-14700HX,off,performance,29.8.1,e0708be228af,1791474122692,1,express-4c,express,4,"2,4,6,12",P0,0.0,0.0,0.00,0.077,0,0,0,false,0.907,59.0,2093,json-large,256,20.0,43570,2178.50,929.73,0.0000,0,0,0,0,117.555,112.383,139.775,160.256,232.959,304.127,631.220,0.0000,3.995,4.016,99.9,1.8339,87.85,213.78,232.69,242.84,253.47,184.04,227.43
1791474122692_r1_express-4c_upload_P0,2026-10-08 18:12:54,omih-83df,Ubuntu 26.04.1 LTS,7.0.0-34-generic,Intel(R) Core(TM) i7-14700HX,off,performance,29.8.1,e0708be228af,1791474122692,1,express-4c,express,4,"2,4,6,12",P0,0.0,0.0,0.00,0.077,0,0,6744,false,3.021,59.0,1783,upload,256,20.0,75920,3796.00,0.00,100.0000,0,0,75920,0,39.683,19.136,34.944,46.975,49.279,4022.271,8015.277,0.0000,0.000,0.000,0.0,0.0000,88.07,0.00,0.00,0.00,0.00,0.00,0.00
1791474122692_r1_express-4c_delay_P3,2026-10-08 18:13:49,omih-83df,Ubuntu 26.04.1 LTS,7.0.0-34-generic,Intel(R) Core(TM) i7-14700HX,off,performance,29.8.1,e0708be228af,1791474122692,1,express-4c,express,4,"2,4,6,12",P3,60.0,15.0,0.10,57.053,97,94,190,false,0.386,58.0,1546,delay,256,20.0,63397,3169.85,0.01,0.0000,0,0,0,0,80.739,80.127,99.584,105.216,115.968,355.327,401.718,0.0001,0.339,0.489,8.5,0.1071,87.64,135.34,136.93,139.38,158.88,155.80,129.23
1791474122692_r1_express-4c_file_P0,2026-10-08 18:14:43,omih-83df,Ubuntu 26.04.1 LTS,7.0.0-34-generic,Intel(R) Core(TM) i7-14700HX,off,performance,29.8.1,e0708be228af,1791474122692,1,express-4c,express,4,"2,4,6,12",P0,0.0,0.0,0.00,0.081,0,0,0,false,2.536,61.0,2077,file,256,20.0,14085,704.25,2605.96,0.0000,0,0,0,0,363.079,361.471,398.336,410.623,431.103,447.488,455.575,0.0000,3.204,3.324,80.1,4.5494,88.15,446.97,456.64,463.29,471.85,443.97,447.71
1791474122692_r1_express-4c_json-large_P5,2026-10-08 18:15:47,omih-83df,Ubuntu 26.04.1 LTS,7.0.0-34-generic,Intel(R) Core(TM) i7-14700HX,off,performance,29.8.1,e0708be228af,1791474122692,1,express-4c,express,4,"2,4,6,12",P5,120.0,40.0,2.00,121.969,6166,6540,59,false,0.139,59.0,1423,json-large,256,20.0,1120,56.00,23.90,0.0000,0,0,0,0,4522.286,4341.760,6504.448,7061.503,8814.592,9863.167,10192.982,0.0000,0.174,0.249,4.3,3.1020,87.59,327.33,396.01,396.46,398.14,320.77,339.81
1791474122692_r1_axum-1c_file_P3,2026-10-08 18:16:49,omih-83df,Ubuntu 26.04.1 LTS,7.0.0-34-generic,Intel(R) Core(TM) i7-14700HX,off,performance,29.8.1,573e5c42cefa,1791474122692,1,axum-1c,axum,1,2,P3,60.0,15.0,0.10,54.958,1979,2244,9,false,0.567,58.0,2031,file,256,20.0,1843,92.15,340.99,0.0000,0,0,0,0,2605.294,2613.247,5062.655,5783.551,7487.488,8683.520,8898.237,0.0000,0.774,0.995,77.4,8.4041,1.02,265.77,380.45,390.99,392.96,41.96,71.35
1791474122692_r1_axum-1c_upload_P0,2026-10-08 18:17:43,omih-83df,Ubuntu 26.04.1 LTS,7.0.0-34-generic,Intel(R) Core(TM) i7-14700HX,off,performance,29.8.1,573e5c42cefa,1791474122692,1,axum-1c,axum,1,2,P0,0.0,0.0,0.00,0.078,0,0,5885,false,3.640,59.0,2098,upload,256,20.0,62346,3117.30,0.05,0.0000,0,0,0,0,81.737,81.663,82.688,82.688,83.712,110.335,114.210,0.0000,1.000,1.000,100.0,0.3207,1.09,317.58,330.82,335.89,337.65,114.29,162.22
1791474122692_r1_axum-1c_delay_P0,2026-10-08 18:18:37,omih-83df,Ubuntu 26.04.1 LTS,7.0.0-34-generic,Intel(R) Core(TM) i7-14700HX,off,performance,29.8.1,573e5c42cefa,1791474122692,1,axum-1c,axum,1,2,P0,0.0,0.0,0.00,0.077,0,0,0,false,1.517,58.0,1736,delay,256,20.0,234156,11707.80,0.02,0.0000,0,0,0,0,21.855,21.823,22.720,22.976,23.488,24.384,25.768,0.0000,0.197,0.210,19.7,0.0168,1.10,8.35,9.55,10.34,10.93,6.86,6.52
1791474122692_r1_axum-1c_json_P3,2026-10-08 18:19:31,omih-83df,Ubuntu 26.04.1 LTS,7.0.0-34-generic,Intel(R) Core(TM) i7-14700HX,off,performance,29.8.1,573e5c42cefa,1791474122692,1,axum-1c,axum,1,2,P3,60.0,15.0,0.10,56.912,115,112,225,false,0.487,58.0,1931,json,256,20.0,84305,4215.25,0.11,0.0000,0,0,0,0,60.719,60.288,79.615,85.248,95.999,324.608,416.842,0.0000,0.070,0.078,7.0,0.0167,1.01,10.28,10.73,10.96,11.12,5.95,7.13
1791474122692_r1_axum-1c_json_P5,2026-10-08 18:20:27,omih-83df,Ubuntu 26.04.1 LTS,7.0.0-34-generic,Intel(R) Core(TM) i7-14700HX,off,performance,29.8.1,573e5c42cefa,1791474122692,1,axum-1c,axum,1,2,P5,120.0,40.0,2.00,121.289,1176,1168,2069,false,0.238,58.0,1559,json,256,20.0,37830,1891.50,0.05,0.0000,0,0,0,0,135.298,123.135,181.760,214.528,488.447,747.519,1452.162,0.0000,0.040,0.046,4.0,0.0213,1.01,11.43,12.16,12.21,12.41,8.12,7.43
1791474122692_r1_axum-1c_json_P0,2026-10-08 18:21:21,omih-83df,Ubuntu 26.04.1 LTS,7.0.0-34-generic,Intel(R) Core(TM) i7-14700HX,off,performance,29.8.1,573e5c42cefa,1791474122692,1,axum-1c,axum,1,2,P0,0.0,0.0,0.00,0.076,0,0,0,true,10.154,58.0,2100,json,256,20.0,1883938,94196.90,2.43,0.0000,0,0,0,0,2.707,2.712,3.015,3.111,3.368,4.335,9.807,0.0000,1.000,1.004,100.0,0.0106,1.23,10.04,11.13,11.13,11.13,6.93,6.38
1791474122692_r1_axum-1c_delay_P5,2026-10-08 18:22:16,omih-83df,Ubuntu 26.04.1 LTS,7.0.0-34-generic,Intel(R) Core(TM) i7-14700HX,off,performance,29.8.1,573e5c42cefa,1791474122692,1,axum-1c,axum,1,2,P5,120.0,40.0,2.00,116.511,955,956,1728,false,0.217,58.0,1568,delay,256,20.0,33139,1656.95,0.00,0.0000,0,0,0,0,154.580,142.847,201.215,229.887,515.072,743.423,1294.175,0.0000,0.043,0.046,4.3,0.0258,1.01,11.15,11.70,12.17,12.17,7.91,7.58
1791474122692_r1_axum-1c_delay_P3,2026-10-08 18:23:10,omih-83df,Ubuntu 26.04.1 LTS,7.0.0-34-generic,Intel(R) Core(TM) i7-14700HX,off,performance,29.8.1,573e5c42cefa,1791474122692,1,axum-1c,axum,1,2,P3,60.0,15.0,0.10,64.567,112,89,196,false,0.374,58.0,1828,delay,256,20.0,62708,3135.40,0.01,0.0000,0,0,0,0,81.646,81.151,100.608,106.240,116.992,359.423,407.564,0.0000,0.065,0.068,6.5,0.0207,1.21,10.37,10.95,11.46,11.57,6.65,7.35
1791474122692_r1_axum-1c_json-large_P5,2026-10-08 18:24:14,omih-83df,Ubuntu 26.04.1 LTS,7.0.0-34-generic,Intel(R) Core(TM) i7-14700HX,off,performance,29.8.1,573e5c42cefa,1791474122692,1,axum-1c,axum,1,2,P5,120.0,40.0,2.00,116.842,6106,6434,37,false,0.140,58.0,1807,json-large,256,20.0,1139,56.95,24.46,0.0000,0,0,0,0,4444.772,4308.992,6602.752,7290.880,8683.520,10977.280,11158.717,0.0000,0.063,0.089,6.3,1.1116,0.99,109.54,112.64,114.26,115.01,49.92,65.15
1791474122692_r1_axum-1c_file_P0,2026-10-08 18:25:08,omih-83df,Ubuntu 26.04.1 LTS,7.0.0-34-generic,Intel(R) Core(TM) i7-14700HX,off,performance,29.8.1,573e5c42cefa,1791474122692,1,axum-1c,axum,1,2,P0,0.0,0.0,0.00,0.078,0,0,0,false,0.880,58.0,2098,file,256,20.0,7524,376.20,1392.07,0.0000,0,0,0,0,682.714,653.312,1110.015,1249.280,1544.191,1855.487,2090.386,0.0000,1.000,1.000,100.0,2.6574,1.03,83.29,84.85,85.55,86.48,59.08,68.61
1791474122692_r1_axum-1c_json-large_P0,2026-10-08 18:26:02,omih-83df,Ubuntu 26.04.1 LTS,7.0.0-34-generic,Intel(R) Core(TM) i7-14700HX,off,performance,29.8.1,573e5c42cefa,1791474122692,1,axum-1c,axum,1,2,P0,0.0,0.0,0.00,0.077,0,0,0,false,0.511,58.0,2094,json-large,256,20.0,23810,1190.50,511.25,0.0000,0,0,0,0,215.009,218.624,219.648,219.648,220.672,435.200,464.592,0.0000,1.000,1.004,100.0,0.8398,1.21,18.40,19.46,19.75,22.97,13.71,15.19
1791474122692_r1_axum-1c_plaintext_P0,2026-10-08 18:26:56,omih-83df,Ubuntu 26.04.1 LTS,7.0.0-34-generic,Intel(R) Core(TM) i7-14700HX,off,performance,29.8.1,573e5c42cefa,1791474122692,1,axum-1c,axum,1,2,P0,0.0,0.0,0.00,0.079,0,0,0,true,9.637,58.0,2100,plaintext,256,20.0,1734767,86738.35,1.08,0.0000,0,0,0,0,2.940,2.983,3.111,3.240,3.575,4.655,7.464,0.0000,1.000,1.004,100.0,0.0115,1.10,10.26,10.95,10.95,10.95,6.79,6.37
1791474122692_r1_axum-1c_cpu_P0,2026-10-08 18:27:54,omih-83df,Ubuntu 26.04.1 LTS,7.0.0-34-generic,Intel(R) Core(TM) i7-14700HX,off,performance,29.8.1,573e5c42cefa,1791474122692,1,axum-1c,axum,1,2,P0,0.0,0.0,0.00,0.080,0,0,312,false,1.514,59.0,1791,cpu,256,20.0,77017,3850.85,0.00,100.0000,0,0,77017,0,56.285,18.880,34.431,43.392,47.999,4038.655,8029.912,0.0000,0.000,0.000,0.0,0.0000,1.11,0.00,0.00,0.00,0.00,0.00,0.00
1791474122692_r1_axum-1c_echo-json_P0,2026-10-08 18:28:48,omih-83df,Ubuntu 26.04.1 LTS,7.0.0-34-generic,Intel(R) Core(TM) i7-14700HX,off,performance,29.8.1,573e5c42cefa,1791474122692,1,axum-1c,axum,1,2,P0,0.0,0.0,0.00,0.080,0,0,0,false,2.902,58.0,2100,echo-json,256,20.0,477763,23888.15,43.42,0.0000,0,0,0,0,10.705,10.655,10.912,11.040,11.168,12.191,13.362,0.0000,1.000,1.004,100.0,0.0419,1.02,10.61,11.20,11.33,11.88,7.57,6.67
