engine,msaa,shadows,camera_distance,date,pc,os,cpu_cores,gpu,graphics_backend,browser,browser_version,build,resolution,model_id,model_name,model_version,meshes,vertices,triangles,download_parse_ms,mesh_creation_ms,first_frame_ms,total_ms,frames
bevy,4,on,5.22,2026-09-30 12:57:32,unknown,linux,28,Intel(R) Graphics (RPL-S),Vulkan,native,,release,1920x1080,,barling_wrecks,1,12,652437,776478,765.9,0.4,149.2,915.6,182
bevy,4,on,5.22,2026-09-30 13:23:45,unknown,linux,28,Intel(R) Graphics (RPL-S),Vulkan,native,,release,2088x1550,,administrative_and_warehouse_complex,1,114,6978312,6147933,896.2,0.8,111.2,1008.2,219
bevy,4,on,20.00,2026-09-30 13:29:49,unknown,linux,28,Intel(R) Graphics (RPL-S),Vulkan,native,,release,2088x1550,,administrative_and_warehouse_complex,1,114,6978312,6147933,885.3,0.8,108.0,994.1,210
bevy,4,on,60.00,2026-09-30 13:29:59,unknown,linux,28,Intel(R) Graphics (RPL-S),Vulkan,native,,release,2088x1550,,administrative_and_warehouse_complex,1,114,6978312,6147933,816.9,1.9,115.9,934.7,186
bevy,4,on,500.00,2026-09-30 13:30:18,unknown,linux,28,Intel(R) Graphics (RPL-S),Vulkan,native,,release,2088x1550,,administrative_and_warehouse_complex,1,114,6978312,6147933,811.9,1.9,113.5,927.3,196
bevy,4,on,1500.00,2026-09-30 13:30:26,unknown,linux,28,Intel(R) Graphics (RPL-S),Vulkan,native,,release,2088x1550,,administrative_and_warehouse_complex,1,114,6978312,6147933,822.0,0.7,114.0,936.7,198
bevy,4,on,9000.00,2026-09-30 13:30:37,unknown,linux,28,Intel(R) Graphics (RPL-S),Vulkan,native,,release,2088x1550,,administrative_and_warehouse_complex,1,114,6978312,6147933,711.4,1.1,112.0,824.5,169
bevy,4,on,10000.00,2026-09-30 13:30:55,unknown,linux,28,Intel(R) Graphics (RPL-S),Vulkan,native,,release,2088x1550,,administrative_and_warehouse_complex,1,114,6978312,6147933,717.6,1.8,111.0,830.4,180
bevy,4,on,19000.00,2026-09-30 13:31:06,unknown,linux,28,Intel(R) Graphics (RPL-S),Vulkan,native,,release,2088x1550,,administrative_and_warehouse_complex,1,114,6978312,6147933,726.7,1.8,111.4,839.9,175
bevy,4,on,19000.00,2026-09-30 13:31:34,unknown,linux,28,Intel(R) Graphics (RPL-S),Vulkan,native,,release,2088x1550,,administrative_and_warehouse_complex,1,114,6978312,6147933,712.5,0.9,115.7,829.1,155
bevy,4,on,19000.00,2026-09-30 13:37:39,unknown,linux,28,Intel(R) Graphics (RPL-S),Vulkan,native,,release,2088x1550,,london_city,1,334,14714620,9514299,2125.6,1.7,267.8,2395.2,574
bevy,4,on,19000.00,2026-09-30 13:37:59,unknown,linux,28,NVIDIA GeForce RTX 4070 Laptop GPU,Vulkan,native,,release,2088x1550,,london_city,1,334,14714620,9514299,2066.3,2.7,263.7,2332.8,1016
bevy,4,on,19000.00,2026-09-30 13:43:23,unknown,linux,28,NVIDIA GeForce RTX 4070 Laptop GPU,Vulkan,native,,release,2088x1550,,national_airport_by_aditya,1,723,27072433,13805487,2614.9,3.7,326.2,2944.8,1321
bevy,4,on,20.00,2026-09-30 13:43:44,unknown,linux,28,NVIDIA GeForce RTX 4070 Laptop GPU,Vulkan,native,,release,2088x1550,,national_airport_by_aditya,1,723,27072433,13805487,2156.1,3.7,353.4,2513.4,1139
bevy,4,on,20.00,2026-09-30 13:47:26,unknown,linux,28,Intel(R) Graphics (RPL-S),Vulkan,native,,release,2088x1550,,national_airport_by_aditya,1,723,27072433,13805487,2067.4,10.0,332.9,2410.6,576
bevy,4,on,20.00,2026-09-30 13:54:19,unknown,linux,28,Intel(R) Graphics (RPL-S),Vulkan,native,,release,2088x1550,,full_gameready_city_buildings_iv_hongkong,1,488,569375,368217,345.9,8.7,101.8,456.4,25
bevy,4,on,10.00,2026-09-30 13:54:27,unknown,linux,28,Intel(R) Graphics (RPL-S),Vulkan,native,,release,2088x1550,,full_gameready_city_buildings_iv_hongkong,1,488,569375,368217,335.6,7.5,95.0,438.2,43
