engine,msaa,shadows,camera_distance,date,pc,os,cpu_cores,gpu,graphics_backend,browser,browser_version,build,resolution,model_id,model_name,model_version,duration_s,frames,avg_fps,median_fps,low_1_fps,low_01_fps,frame_avg_ms,frame_min_ms,frame_p50_ms,frame_p95_ms,frame_p99_ms,frame_max_ms,frame_stddev_ms,mesh_instances,unique_meshes,vertices,triangles,materials,textures,texture_mib,entities
bevy,4,on,5.22,2026-09-30 12:58:37,unknown,linux,28,Intel(R) Graphics (RPL-S),Vulkan,native,,release,1920x1080,,barling_wrecks,1,60.0,3159,52.6,53.6,32.9,28.6,19.00,9.94,18.65,24.42,28.04,39.37,2.77,12,12,652437,776478,1,1,256.00,269
bevy,4,on,5.22,2026-09-30 12:59:37,unknown,linux,28,Intel(R) Graphics (RPL-S),Vulkan,native,,release,1920x1080,,barling_wrecks,1,60.0,3199,53.3,53.5,37.5,35.4,18.76,12.97,18.68,22.87,25.37,28.53,2.22,12,12,652437,776478,1,1,256.00,269
bevy,4,on,5.22,2026-09-30 13:00:37,unknown,linux,28,Intel(R) Graphics (RPL-S),Vulkan,native,,release,1920x1080,,barling_wrecks,1,60.0,3186,53.1,53.5,36.7,32.8,18.84,12.41,18.70,23.18,25.78,32.27,2.30,12,12,652437,776478,1,1,256.00,269
bevy,4,on,5.22,2026-09-30 13:01:37,unknown,linux,28,Intel(R) Graphics (RPL-S),Vulkan,native,,release,1920x1080,,barling_wrecks,1,60.0,3170,52.8,53.7,35.1,31.1,18.93,10.74,18.63,23.87,26.68,33.34,2.55,12,12,652437,776478,1,1,256.00,269
bevy,4,on,5.22,2026-09-30 13:02:37,unknown,linux,28,Intel(R) Graphics (RPL-S),Vulkan,native,,release,1920x1080,,barling_wrecks,1,60.0,3205,53.4,53.3,38.0,32.8,18.72,13.33,18.76,21.78,24.63,32.52,1.91,12,12,652437,776478,1,1,256.00,269
bevy,4,on,19000.00,2026-09-30 13:32:39,unknown,linux,28,Intel(R) Graphics (RPL-S),Vulkan,native,,release,2088x1550,,administrative_and_warehouse_complex,1,60.0,1683,28.0,28.9,21.7,20.1,35.67,24.73,34.62,42.08,43.48,50.37,3.17,114,114,6978312,6147933,1,0,0.00,488
bevy,4,on,19000.00,2026-09-30 13:33:39,unknown,linux,28,Intel(R) Graphics (RPL-S),Vulkan,native,,release,2088x1550,,administrative_and_warehouse_complex,1,60.0,1679,28.0,28.8,21.5,19.9,35.74,30.54,34.67,42.09,43.80,50.29,3.17,114,114,6978312,6147933,1,0,0.00,488
bevy,4,on,19000.00,2026-09-30 13:34:39,unknown,linux,28,Intel(R) Graphics (RPL-S),Vulkan,native,,release,2088x1550,,administrative_and_warehouse_complex,1,60.0,1680,28.0,28.8,21.6,20.7,35.74,30.89,34.70,42.01,44.04,49.03,3.14,114,114,6978312,6147933,1,0,0.00,488
bevy,4,on,19000.00,2026-09-30 13:35:39,unknown,linux,28,Intel(R) Graphics (RPL-S),Vulkan,native,,release,2088x1550,,administrative_and_warehouse_complex,1,60.0,1662,27.7,28.4,21.3,20.0,36.11,26.99,35.16,42.23,44.32,50.39,3.21,114,114,6978312,6147933,1,0,0.00,488
bevy,4,on,19000.00,2026-09-30 13:36:39,unknown,linux,28,Intel(R) Graphics (RPL-S),Vulkan,native,,release,2088x1550,,administrative_and_warehouse_complex,1,60.0,1651,27.5,28.7,12.8,5.0,36.34,27.00,34.88,42.97,50.79,200.78,7.79,114,114,6978312,6147933,1,0,0.00,488
bevy,4,on,19000.00,2026-09-30 13:39:04,unknown,linux,28,NVIDIA GeForce RTX 4070 Laptop GPU,Vulkan,native,,release,2088x1550,,london_city,1,60.0,2330,38.8,39.5,30.5,26.3,25.76,16.81,25.32,28.77,31.05,43.38,1.70,334,334,14714620,9514299,100,0,0.00,942
bevy,4,on,19000.00,2026-09-30 13:40:04,unknown,linux,28,NVIDIA GeForce RTX 4070 Laptop GPU,Vulkan,native,,release,2088x1550,,london_city,1,60.0,2408,40.1,40.6,27.9,15.8,24.92,3.55,24.61,27.66,30.40,76.11,2.14,334,334,14714620,9514299,100,0,0.00,942
bevy,4,on,19000.00,2026-09-30 13:41:04,unknown,linux,28,NVIDIA GeForce RTX 4070 Laptop GPU,Vulkan,native,,release,2088x1550,,london_city,1,60.0,2232,37.2,37.3,30.7,29.8,26.88,20.31,26.82,29.68,31.53,33.79,1.55,334,334,14714620,9514299,100,0,0.00,942
bevy,4,on,19000.00,2026-09-30 13:42:04,unknown,linux,28,NVIDIA GeForce RTX 4070 Laptop GPU,Vulkan,native,,release,2088x1550,,london_city,1,60.0,2309,38.5,38.7,34.0,32.7,25.99,22.95,25.82,27.70,28.77,30.86,0.92,334,334,14714620,9514299,100,0,0.00,942
bevy,4,on,19000.00,2026-09-30 13:43:04,unknown,linux,28,NVIDIA GeForce RTX 4070 Laptop GPU,Vulkan,native,,release,2088x1550,,london_city,1,60.0,2277,37.9,38.0,29.8,26.5,26.35,12.02,26.33,29.65,32.03,42.13,1.76,334,334,14714620,9514299,100,0,0.00,942
bevy,4,on,20.00,2026-09-30 13:44:49,unknown,linux,28,NVIDIA GeForce RTX 4070 Laptop GPU,Vulkan,native,,release,2088x1550,,national_airport_by_aditya,1,60.0,6393,106.5,106.7,63.9,39.6,9.39,3.09,9.37,12.06,13.77,56.89,1.68,723,723,27072433,13805487,68,1,4.00,2000
bevy,4,on,20.00,2026-09-30 13:45:49,unknown,linux,28,NVIDIA GeForce RTX 4070 Laptop GPU,Vulkan,native,,release,2088x1550,,national_airport_by_aditya,1,60.0,6710,111.8,109.4,77.8,69.1,8.94,3.35,9.14,10.53,11.93,16.37,1.08,723,723,27072433,13805487,68,1,4.00,2000
bevy,4,on,20.00,2026-09-30 13:46:49,unknown,linux,28,NVIDIA GeForce RTX 4070 Laptop GPU,Vulkan,native,,release,2088x1550,,national_airport_by_aditya,1,60.0,6617,110.3,109.0,71.1,53.4,9.07,3.11,9.17,11.35,12.84,26.84,1.30,723,723,27072433,13805487,68,1,4.00,2000
bevy,4,on,20.00,2026-09-30 13:48:31,unknown,linux,28,Intel(R) Graphics (RPL-S),Vulkan,native,,release,2088x1550,,national_airport_by_aditya,1,60.0,541,9.0,8.7,4.4,3.7,110.91,2.82,114.68,121.42,144.30,267.55,18.88,723,723,27072433,13805487,68,1,4.00,2000
bevy,4,on,20.00,2026-09-30 13:49:31,unknown,linux,28,Intel(R) Graphics (RPL-S),Vulkan,native,,release,2088x1550,,national_airport_by_aditya,1,60.1,547,9.1,8.8,8.2,8.1,109.80,90.03,114.28,118.14,121.30,124.08,8.78,723,723,27072433,13805487,68,1,4.00,2000
bevy,4,on,20.00,2026-09-30 13:50:31,unknown,linux,28,Intel(R) Graphics (RPL-S),Vulkan,native,,release,2088x1550,,national_airport_by_aditya,1,60.1,547,9.1,8.8,8.2,8.0,109.83,90.77,114.28,118.45,120.37,125.03,8.77,723,723,27072433,13805487,68,1,4.00,2000
bevy,4,on,20.00,2026-09-30 13:51:31,unknown,linux,28,Intel(R) Graphics (RPL-S),Vulkan,native,,release,2088x1550,,national_airport_by_aditya,1,60.0,547,9.1,8.8,8.2,8.1,109.77,90.86,114.16,118.06,121.10,122.75,8.73,723,723,27072433,13805487,68,1,4.00,2000
bevy,4,on,20.00,2026-09-30 13:52:31,unknown,linux,28,Intel(R) Graphics (RPL-S),Vulkan,native,,release,2088x1550,,national_airport_by_aditya,1,60.1,546,9.1,8.7,7.4,6.4,110.07,82.63,114.29,119.23,126.66,155.31,9.36,723,723,27072433,13805487,68,1,4.00,2000
bevy,4,on,10.00,2026-09-30 13:55:32,unknown,linux,28,Intel(R) Graphics (RPL-S),Vulkan,native,,release,2088x1550,,full_gameready_city_buildings_iv_hongkong,1,60.0,5253,87.5,89.3,40.9,24.8,11.42,3.29,11.19,13.63,16.87,45.23,1.97,488,488,569375,368217,68,48,231.50,1473
bevy,4,on,10.00,2026-09-30 13:56:32,unknown,linux,28,Intel(R) Graphics (RPL-S),Vulkan,native,,release,2088x1550,,full_gameready_city_buildings_iv_hongkong,1,60.0,5333,88.9,89.6,62.7,57.0,11.25,7.14,11.16,13.20,14.97,18.31,1.10,488,488,569375,368217,68,48,231.50,1473
bevy,4,on,10.00,2026-09-30 13:57:32,unknown,linux,28,Intel(R) Graphics (RPL-S),Vulkan,native,,release,2088x1550,,full_gameready_city_buildings_iv_hongkong,1,60.0,5330,88.8,89.6,62.2,55.7,11.26,3.55,11.16,13.20,15.09,19.63,1.10,488,488,569375,368217,68,48,231.50,1473
bevy,4,on,10.00,2026-09-30 13:58:32,unknown,linux,28,Intel(R) Graphics (RPL-S),Vulkan,native,,release,2088x1550,,full_gameready_city_buildings_iv_hongkong,1,60.0,5322,88.7,89.5,60.2,50.1,11.27,4.31,11.17,13.22,15.22,21.49,1.14,488,488,569375,368217,68,48,231.50,1473
bevy,4,on,10.00,2026-09-30 13:59:32,unknown,linux,28,Intel(R) Graphics (RPL-S),Vulkan,native,,release,2088x1550,,full_gameready_city_buildings_iv_hongkong,1,60.0,5333,88.9,89.5,62.3,56.2,11.25,7.58,11.17,13.09,15.22,18.49,1.06,488,488,569375,368217,68,48,231.50,1473
bevy,4,on,5.22,2026-10-01 14:51:59,unknown,Linux x86_64,28,"Intel(R) HD Graphics, or similar",Gl,Firefox,157.0,release,2088x1550,,barling_wrecks,1,60.0,3094,51.6,52.6,16.7,13.8,19.39,1.00,19.00,42.00,52.00,73.00,13.51,12,12,652437,776478,1,1,256.00,265
bevy,4,on,5.22,2026-10-01 14:52:59,unknown,Linux x86_64,28,"Intel(R) HD Graphics, or similar",Gl,Firefox,157.0,release,2088x1550,,barling_wrecks,1,60.0,3223,53.7,52.6,21.5,14.5,18.63,1.00,19.00,37.00,42.00,116.00,11.71,12,12,652437,776478,1,1,256.00,265
bevy,4,on,5.22,2026-10-01 14:53:59,unknown,Linux x86_64,28,"Intel(R) HD Graphics, or similar",Gl,Firefox,157.0,release,2088x1550,,barling_wrecks,1,60.0,3252,54.2,52.6,18.7,12.2,18.45,1.00,19.00,37.00,41.00,112.00,12.27,12,12,652437,776478,1,1,256.00,265
bevy,4,on,5.22,2026-10-01 14:54:59,unknown,Linux x86_64,28,"Intel(R) HD Graphics, or similar",Gl,Firefox,157.0,release,2088x1550,,barling_wrecks,1,60.0,3160,52.7,52.6,17.1,12.3,18.99,1.00,19.00,38.00,46.00,117.00,11.65,12,12,652437,776478,1,1,256.00,265
bevy,4,on,5.22,2026-10-01 14:55:59,unknown,Linux x86_64,28,"Intel(R) HD Graphics, or similar",Gl,Firefox,157.0,release,2088x1550,,barling_wrecks,1,60.0,3236,53.9,52.6,19.5,10.9,18.55,1.00,19.00,36.00,41.00,111.00,10.76,12,12,652437,776478,1,1,256.00,265
bevy,4,on,19000.00,2026-10-01 14:59:46,unknown,Linux x86_64,28,"Intel(R) HD Graphics, or similar",Gl,Firefox,157.0,release,2088x1550,,administrative_and_warehouse_complex,1,60.0,2019,33.6,33.3,13.6,9.9,29.73,2.00,30.00,62.00,67.00,129.00,21.19,114,114,6978312,6147933,1,0,0.00,484
bevy,4,on,19000.00,2026-10-01 15:00:46,unknown,Linux x86_64,28,"Intel(R) HD Graphics, or similar",Gl,Firefox,157.0,release,2088x1550,,administrative_and_warehouse_complex,1,60.0,2024,33.7,33.3,14.4,12.4,29.67,2.00,30.00,62.00,67.00,85.00,20.88,114,114,6978312,6147933,1,0,0.00,484
bevy,4,on,19000.00,2026-10-01 15:01:46,unknown,Linux x86_64,28,"Intel(R) HD Graphics, or similar",Gl,Firefox,157.0,release,2088x1550,,administrative_and_warehouse_complex,1,60.0,2026,33.7,33.3,14.4,12.1,29.63,2.00,30.00,63.00,66.00,97.00,21.44,114,114,6978312,6147933,1,0,0.00,484
bevy,4,on,19000.00,2026-10-01 15:02:46,unknown,Linux x86_64,28,"Intel(R) HD Graphics, or similar",Gl,Firefox,157.0,release,2088x1550,,administrative_and_warehouse_complex,1,60.0,2021,33.7,32.3,13.4,9.0,29.70,2.00,31.00,61.00,67.00,132.00,21.09,114,114,6978312,6147933,1,0,0.00,484
bevy,4,on,19000.00,2026-10-01 15:03:46,unknown,Linux x86_64,28,"Intel(R) HD Graphics, or similar",Gl,Firefox,157.0,release,2088x1550,,administrative_and_warehouse_complex,1,60.0,1959,32.6,33.3,7.5,5.1,30.63,2.00,30.00,64.00,85.00,206.00,23
bevy,4,on,10.00,2026-10-01 15:17:25,unknown,Linux x86_64,28,"Intel(R) HD Graphics, or similar",Gl,Firefox,157.0,release,2088x1550,,full_gameready_city_buildings_iv_hongkong,1,60.0,5292,88.2,83.3,43.2,23.9,11.34,4.00,12.00,18.00,20.00,59.00,4.86,488,488,569375,368217,68,48,231.50,1469
bevy,4,on,10.00,2026-10-01 15:18:25,unknown,Linux x86_64,28,"Intel(R) HD Graphics, or similar",Gl,Firefox,157.0,release,2088x1550,,full_gameready_city_buildings_iv_hongkong,1,60.0,5315,88.6,83.3,42.8,21.1,11.29,4.00,12.00,18.00,19.00,65.00,4.96,488,488,569375,368217,68,48,231.50,1469
bevy,4,on,10.00,2026-10-01 15:19:25,unknown,Linux x86_64,28,"Intel(R) HD Graphics, or similar",Gl,Firefox,157.0,release,2088x1550,,full_gameready_city_buildings_iv_hongkong,1,60.0,5290,88.2,83.3,43.7,24.4,11.34,4.00,12.00,18.00,19.00,61.00,4.76,488,488,569375,368217,68,48,231.50,1469
bevy,4,on,10.00,2026-10-01 15:20:25,unknown,Linux x86_64,28,"Intel(R) HD Graphics, or similar",Gl,Firefox,157.0,release,2088x1550,,full_gameready_city_buildings_iv_hongkong,1,60.0,5272,87.9,83.3,38.0,21.7,11.38,4.00,12.00,18.00,21.00,51.00,5.07,488,488,569375,368217,68,48,231.50,1469
bevy,4,on,10.00,2026-10-01 15:21:25,unknown,Linux x86_64,28,"Intel(R) HD Graphics, or similar",Gl,Firefox,157.0,release,2088x1550,,full_gameready_city_buildings_iv_hongkong,1,60.0,5298,88.3,83.3,38.2,21.4,11.33,4.00,12.00,18.00,22.00,74.00,5.15,488,488,569375,368217,68,48,231.50,1469